{"cameraMode":{"drawMode":0,"name":"Shaded","section":"Shading Mode"},"sceneLighting":true,"audioPlay":false,"sceneViewState":{"m_AlwaysRefresh":false,"showFog":true,"showSkybox":true,"showFlares":true,"showImageEffects":true,"showParticleSystems":true,"showVisualEffectGraphs":true,"m_FxEnabled":true},"in2DMode":false,"pivot":{"x":-7.035490036010742,"y":-0.14950919151306153,"z":3.972205638885498},"rotation":{"x":-0.10619912296533585,"y":0.042936086654663089,"z":-0.004590754397213459,"w":-0.9934142827987671},"size":10.011632919311524,"orthographic":false}